{
  "attributes": {
    "obscure_api:penetration": {
      "enabled": false,
      "min": {
        "default": 0,
        "value": 0
      },
      "max": {
        "default": 100,
        "value": 100
      }
    },
    "forge:step_height_addition": {
      "enabled": false,
      "min": {
        "default": -512,
        "value": -512
      },
      "max": {
        "default": 512,
        "value": 512
      }
    },
    "attributeslib:ghost_health": {
      "enabled": false,
      "min": {
        "default": 0,
        "value": 0
      },
      "max": {
        "default": 1000,
        "value": 1000
      }
    },
    "just_parry:maxparrycooldoown": {
      "enabled": false,
      "min": {
        "default": -1,
        "value": -1
      },
      "max": {
        "default": 999999999,
        "value": 999999999
      }
    },
    "minecraft:generic.follow_range": {
      "enabled": true,
      "min": {
        "default": 0,
        "value": 0
      },
      "max": {
        "default": 2048,
        "value": 2048
      }
    },
    "attributeslib:prot_shred": {
      "enabled": false,
      "min": {
        "default": 0,
        "value": 0
      },
      "max": {
        "default": 1,
        "value": 1
      }
    },
    "obscure_api:dodge": {
      "enabled": false,
      "min": {
        "default": 0,
        "value": 0
      },
      "max": {
        "default": 100,
        "value": 100
      }
    },
    "alshanex_familiars:sound_spell_power": {
      "enabled": false,
      "min": {
        "default": -100,
        "value": -100
      },
      "max": {
        "default": 100,
        "value": 100
      }
    },
    "attributeslib:armor_shred": {
      "enabled": false,
      "min": {
        "default": 0,
        "value": 0
      },
      "max": {
        "default": 2,
        "value": 2
      }
    },
    "irons_spellbooks:nature_spell_power": {
      "enabled": false,
      "min": {
        "default": -100,
        "value": -100
      },
      "max": {
        "default": 100,
        "value": 100
      }
    },
    "runiclib:generic.vulnerability_multiplier": {
      "enabled": false,
      "min": {
        "default": 0,
        "value": 0
      },
      "max": {
        "default": 100,
        "value": 100
      }
    },
    "irons_spellbooks:nature_magic_resist": {
      "enabled": false,
      "min": {
        "default": -100,
        "value": -100
      },
      "max": {
        "default": 100,
        "value": 100
      }
    },
    "tetra:ability_damage": {
      "enabled": false,
      "min": {
        "default": 0,
        "value": 0
      },
      "max": {
        "default": 2048,
        "value": 2048
      }
    },
    "attributeslib:armor_pierce": {
      "enabled": false,
      "min": {
        "default": 0,
        "value": 0
      },
      "max": {
        "default": 1000,
        "value": 1000
      }
    },
    "obscure_api:regeneration": {
      "enabled": false,
      "min": {
        "default": 0,
        "value": 0
      },
      "max": {
        "default": 100000,
        "value": 100000
      }
    },
    "irons_spellbooks:lightning_magic_resist": {
      "enabled": false,
      "min": {
        "default": -100,
        "value": -100
      },
      "max": {
        "default": 100,
        "value": 100
      }
    },
    "stardew_fishing:line_strength": {
      "enabled": false,
      "min": {
        "default": 0,
        "value": 0
      },
      "max": {
        "default": 1,
        "value": 1
      }
    },
    "minecraft:generic.luck": {
      "enabled": true,
      "min": {
        "default": -1024,
        "value": -1024
      },
      "max": {
        "default": 1024,
        "value": 1024
      }
    },
    "stardew_fishing:exp_multiplier": {
      "enabled": false,
      "min": {
        "default": 1,
        "value": 1
      },
      "max": {
        "default": 100,
        "value": 100
      }
    },
    "eidolon:persistent_soul_hearts": {
      "enabled": false,
      "min": {
        "default": 0,
        "value": 0
      },
      "max": {
        "default": 2000,
        "value": 2000
      }
    },
    "caverns_and_chasms:weakness_aura": {
      "enabled": false,
      "min": {
        "default": 0,
        "value": 0
      },
      "max": {
        "default": 30,
        "value": 30
      }
    },
    "runiclib:generic.burning_retaliation_length": {
      "enabled": false,
      "min": {
        "default": 0,
        "value": 0
      },
      "max": {
        "default": 1024,
        "value": 1024
      }
    },
    "obscure_api:magic_resistance": {
      "enabled": false,
      "min": {
        "default": 0,
        "value": 0
      },
      "max": {
        "default": 100,
        "value": 100
      }
    },
    "forge:entity_reach": {
      "enabled": false,
      "min": {
        "default": 0,
        "value": 0
      },
      "max": {
        "default": 1024,
        "value": 1024
      }
    },
    "cataclysm_spellbooks:abyssal_spell_power": {
      "enabled": false,
      "min": {
        "default": 0,
        "value": 0
      },
      "max": {
        "default": 10,
        "value": 10
      }
    },
    "runiclib:generic.lifesteal_heal_amount": {
      "enabled": false,
      "min": {
        "default": 0,
        "value": 0
      },
      "max": {
        "default": 1024,
        "value": 1024
      }
    },
    "vampirism:dbno_duration": {
      "enabled": false,
      "min": {
        "default": 0,
        "value": 0
      },
      "max": {
        "default": 2147483647,
        "value": 2147483647
      }
    },
    "eidolon:chanting_speed": {
      "enabled": false,
      "min": {
        "default": 0,
        "value": 0
      },
      "max": {
        "default": 100,
        "value": 100
      }
    },
    "scguns:additional_bullet_damage": {
      "enabled": false,
      "min": {
        "default": -1000,
        "value": -1000
      },
      "max": {
        "default": 10000,
        "value": 10000
      }
    },
    "irons_spellbooks:cast_time_reduction": {
      "enabled": false,
      "min": {
        "default": -100,
        "value": -100
      },
      "max": {
        "default": 100,
        "value": 100
      }
    },
    "stardew_fishing:bar_size": {
      "enabled": false,
      "min": {
        "default": 4,
        "value": 4
      },
      "max": {
        "default": 142,
        "value": 142
      }
    },
    "caverns_and_chasms:lifesteal": {
      "enabled": false,
      "min": {
        "default": 0,
        "value": 0
      },
      "max": {
        "default": 5,
        "value": 5
      }
    },
    "alshanex_familiars:sound_magic_resist": {
      "enabled": false,
      "min": {
        "default": -100,
        "value": -100
      },
      "max": {
        "default": 100,
        "value": 100
      }
    },
    "miniutilities:soul_damage": {
      "enabled": false,
      "min": {
        "default": 0,
        "value": 0
      },
      "max": {
        "default": 2147483647,
        "value": 2147483647
      }
    },
    "l2damagetracker:fire_damage": {
      "enabled": false,
      "min": {
        "default": 0,
        "value": 0
      },
      "max": {
        "default": 1000,
        "value": 1000
      }
    },
    "vminus:health_lost_stat_boost": {
      "enabled": false,
      "min": {
        "default": -100,
        "value": -100
      },
      "max": {
        "default": 100,
        "value": 100
      }
    },
    "caverns_and_chasms:magic_damage": {
      "enabled": false,
      "min": {
        "default": 0,
        "value": 0
      },
      "max": {
        "default": 30,
        "value": 30
      }
    },
    "minecraft:zombie.spawn_reinforcements": {
      "enabled": true,
      "min": {
        "default": 0,
        "value": 0
      },
      "max": {
        "default": 1,
        "value": 1
      }
    },
    "l2damagetracker:crit_damage": {
      "enabled": false,
      "min": {
        "default": 0,
        "value": 0
      },
      "max": {
        "default": 1000,
        "value": 1000
      }
    },
    "attributeslib:crit_chance": {
      "enabled": false,
      "min": {
        "default": 0,
        "value": 0
      },
      "max": {
        "default": 10,
        "value": 10
      }
    },
    "ars_nouveau:ars_nouveau.perk.wixie": {
      "enabled": false,
      "min": {
        "default": 0,
        "value": 0
      },
      "max": {
        "default": 1024,
        "value": 1024
      }
    },
    "minecraft:generic.armor_toughness": {
      "enabled": true,
      "min": {
        "default": 0,
        "value": 0
      },
      "max": {
        "default": 100,
        "value": 1000000
      }
    },
    "vampirism:blood_exhaustion": {
      "enabled": false,
      "min": {
        "default": 0,
        "value": 0
      },
      "max": {
        "default": 10,
        "value": 10
      }
    },
    "obscure_api:accuracy": {
      "enabled": false,
      "min": {
        "default": 0,
        "value": 0
      },
      "max": {
        "default": 100,
        "value": 100
      }
    },
    "ars_nouveau:ars_elemental.perk.summon_power": {
      "enabled": false,
      "min": {
        "default": 0,
        "value": 0
      },
      "max": {
        "default": 10000,
        "value": 10000
      }
    },
    "vminus:magic_protection": {
      "enabled": false,
      "min": {
        "default": -100,
        "value": -100
      },
      "max": {
        "default": 100,
        "value": 100
      }
    },
    "irons_spellbooks:holy_spell_power": {
      "enabled": false,
      "min": {
        "default": -100,
        "value": -100
      },
      "max": {
        "default": 100,
        "value": 100
      }
    },
    "l2damagetracker:explosion_damage": {
      "enabled": false,
      "min": {
        "default": 0,
        "value": 0
      },
      "max": {
        "default": 1000,
        "value": 1000
      }
    },
    "tconstruct:generic.jump_boost": {
      "enabled": false,
      "min": {
        "default": 0,
        "value": 0
      },
      "max": {
        "default": 100,
        "value": 100
      }
    },
    "runiclib:generic.retaliation_chance": {
      "enabled": false,
      "min": {
        "default": 0,
        "value": 0
      },
      "max": {
        "default": 100,
        "value": 100
      }
    },
    "irons_spellbooks:evocation_magic_resist": {
      "enabled": false,
      "min": {
        "default": -100,
        "value": -100
      },
      "max": {
        "default": 100,
        "value": 100
      }
    },
    "forge:block_reach": {
      "enabled": false,
      "min": {
        "default": 0,
        "value": 0
      },
      "max": {
        "default": 1024,
        "value": 1024
      }
    },
    "minecraft:generic.attack_speed": {
      "enabled": true,
      "min": {
        "default": 0,
        "value": 0
      },
      "max": {
        "default": 1024,
        "value": 1024
      }
    },
    "tconstruct:generic.safe_fall_distance": {
      "enabled": false,
      "min": {
        "default": -10,
        "value": -10
      },
      "max": {
        "default": 100,
        "value": 100
      }
    },
    "modulargolems:golem_size": {
      "enabled": false,
      "min": {
        "default": 0,
        "value": 0
      },
      "max": {
        "default": 1000,
        "value": 1000
      }
    },
    "scguns:bullet_damage_multiplier": {
      "enabled": false,
      "min": {
        "default": 0,
        "value": 0
      },
      "max": {
        "default": 1000,
        "value": 1000
      }
    },
    "irons_spellbooks:evocation_spell_power": {
      "enabled": false,
      "min": {
        "default": -100,
        "value": -100
      },
      "max": {
        "default": 100,
        "value": 100
      }
    },
    "vminus:protection": {
      "enabled": false,
      "min": {
        "default": -100,
        "value": -100
      },
      "max": {
        "default": 100,
        "value": 100
      }
    },
    "tconstruct:generic.crouch_damage_multiplier": {
      "enabled": false,
      "min": {
        "default": 0,
        "value": 0
      },
      "max": {
        "default": 100,
        "value": 100
      }
    },
    "attributeslib:prot_pierce": {
      "enabled": false,
      "min": {
        "default": 0,
        "value": 0
      },
      "max": {
        "default": 34,
        "value": 34
      }
    },
    "tconstruct:player.jump_count": {
      "enabled": false,
      "min": {
        "default": 1,
        "value": 1
      },
      "max": {
        "default": 100,
        "value": 100
      }
    },
    "modulargolems:golem_regen": {
      "enabled": false,
      "min": {
        "default": 0,
        "value": 0
      },
      "max": {
        "default": 1000,
        "value": 1000
      }
    },
    "caverns_and_chasms:slowness_infliction": {
      "enabled": false,
      "min": {
        "default": 0,
        "value": 0
      },
      "max": {
        "default": 30,
        "value": 30
      }
    },
    "caverns_and_chasms:magic_protection": {
      "enabled": false,
      "min": {
        "default": 0,
        "value": 0
      },
      "max": {
        "default": 30,
        "value": 30
      }
    },
    "minecraft:generic.flying_speed": {
      "enabled": true,
      "min": {
        "default": 0,
        "value": 0
      },
      "max": {
        "default": 1024,
        "value": 1024
      }
    },
    "vminus:fire_protection": {
      "enabled": false,
      "min": {
        "default": -100,
        "value": -100
      },
      "max": {
        "default": 100,
        "value": 100
      }
    },
    "constructs_casting:slime_magic_resist": {
      "enabled": false,
      "min": {
        "default": -100,
        "value": -100
      },
      "max": {
        "default": 100,
        "value": 100
      }
    },
    "irons_spellbooks:lightning_spell_power": {
      "enabled": false,
      "min": {
        "default": -100,
        "value": -100
      },
      "max": {
        "default": 100,
        "value": 100
      }
    },
    "attributeslib:mining_speed": {
      "enabled": false,
      "min": {
        "default": 0,
        "value": 0
      },
      "max": {
        "default": 10,
        "value": 10
      }
    },
    "caelus:fall_flying": {
      "enabled": false,
      "min": {
        "default": 0,
        "value": 0
      },
      "max": {
        "default": 1,
        "value": 1
      }
    },
    "tconstruct:player.experience_multiplier": {
      "enabled": false,
      "min": {
        "default": 0,
        "value": 0
      },
      "max": {
        "default": 100,
        "value": 100
      }
    },
    "ars_nouveau:ars_nouveau.perk.max_mana": {
      "enabled": false,
      "min": {
        "default": 0,
        "value": 0
      },
      "max": {
        "default": 10000,
        "value": 10000
      }
    },
    "botania:pixie_spawn_chance": {
      "enabled": false,
      "min": {
        "default": 0,
        "value": 0
      },
      "max": {
        "default": 1,
        "value": 1
      }
    },
    "obscure_api:critical_damage": {
      "enabled": false,
      "min": {
        "default": 0,
        "value": 0
      },
      "max": {
        "default": 100,
        "value": 100
      }
    },
    "irons_spellbooks:spell_resist": {
      "enabled": false,
      "min": {
        "default": -100,
        "value": -100
      },
      "max": {
        "default": 100,
        "value": 100
      }
    },
    "tconstruct:player.critical_damage": {
      "enabled": false,
      "min": {
        "default": 0,
        "value": 0
      },
      "max": {
        "default": 100,
        "value": 100
      }
    },
    "runiclib:generic.vulnerability_chance": {
      "enabled": false,
      "min": {
        "default": 0,
        "value": 0
      },
      "max": {
        "default": 100,
        "value": 100
      }
    },
    "eidolon:max_soul_hearts": {
      "enabled": false,
      "min": {
        "default": 0,
        "value": 0
      },
      "max": {
        "default": 2000,
        "value": 2000
      }
    },
    "l2damagetracker:magic_damage": {
      "enabled": false,
      "min": {
        "default": 0,
        "value": 0
      },
      "max": {
        "default": 1000,
        "value": 1000
      }
    },
    "minecraft:generic.max_health": {
      "enabled": true,
      "min": {
        "default": 1,
        "value": 1
      },
      "max": {
        "default": 1024,
        "value": 1000000
      }
    },
    "irons_spellbooks:mana_regen": {
      "enabled": false,
      "min": {
        "default": 0,
        "value": 0
      },
      "max": {
        "default": 100,
        "value": 100
      }
    },
    "irons_spellbooks:ice_magic_resist": {
      "enabled": false,
      "min": {
        "default": -100,
        "value": -100
      },
      "max": {
        "default": 100,
        "value": 100
      }
    },
    "vminus:blast_protection": {
      "enabled": false,
      "min": {
        "default": -100,
        "value": -100
      },
      "max": {
        "default": 100,
        "value": 100
      }
    },
    "stardew_fishing:treasure_chance_bonus": {
      "enabled": false,
      "min": {
        "default": 0,
        "value": 0
      },
      "max": {
        "default": 1,
        "value": 1
      }
    },
    "cataclysm_spellbooks:technomancy_magic_resist": {
      "enabled": false,
      "min": {
        "default": 0,
        "value": 0
      },
      "max": {
        "default": 10,
        "value": 10
      }
    },
    "minecraft:horse.jump_strength": {
      "enabled": true,
      "min": {
        "default": 0,
        "value": 0
      },
      "max": {
        "default": 2,
        "value": 2
      }
    },
    "ars_nouveau:ars_nouveau.perk.spell_damage": {
      "enabled": false,
      "min": {
        "default": 0,
        "value": 0
      },
      "max": {
        "default": 10000,
        "value": 10000
      }
    },
    "irons_spellbooks:max_mana": {
      "enabled": false,
      "min": {
        "default": 0,
        "value": 0
      },
      "max": {
        "default": 1000000,
        "value": 1000000
      }
    },
    "ars_nouveau:ars_nouveau.perk.warding": {
      "enabled": false,
      "min": {
        "default": 0,
        "value": 0
      },
      "max": {
        "default": 1024,
        "value": 1024
      }
    },
    "minecraft:generic.knockback_resistance": {
      "enabled": true,
      "min": {
        "default": 0,
        "value": 0
      },
      "max": {
        "default": 1,
        "value": 1
      }
    },
    "midnight:malignant_armor": {
      "enabled": false,
      "min": {
        "default": 0,
        "value": 0
      },
      "max": {
        "default": 1024,
        "value": 1024
      }
    },
    "runiclib:generic.retaliation_amount": {
      "enabled": false,
      "min": {
        "default": 0,
        "value": 0
      },
      "max": {
        "default": 100,
        "value": 100
      }
    },
    "just_parry:current_parry_cooldoown": {
      "enabled": false,
      "min": {
        "default": -1,
        "value": -1
      },
      "max": {
        "default": 999999999,
        "value": 999999999
      }
    },
    "attributeslib:overheal": {
      "enabled": false,
      "min": {
        "default": 0,
        "value": 0
      },
      "max": {
        "default": 10,
        "value": 10
      }
    },
    "attributeslib:healing_received": {
      "enabled": false,
      "min": {
        "default": 0,
        "value": 0
      },
      "max": {
        "default": 1000,
        "value": 1000
      }
    },
    "scguns:spread_multiplier": {
      "enabled": false,
      "min": {
        "default": 0,
        "value": 0
      },
      "max": {
        "default": 1000,
        "value": 1000
      }
    },
    "tinkersjewelry:fortune": {
      "enabled": false,
      "min": {
        "default": 0,
        "value": 0
      },
      "max": {
        "default": 10,
        "value": 10
      }
    },
    "obscure_api:resilience": {
      "enabled": false,
      "min": {
        "default": 0,
        "value": 0
      },
      "max": {
        "default": 100,
        "value": 100
      }
    },
    "forge:entity_gravity": {
      "enabled": false,
      "min": {
        "default": -8,
        "value": -8
      },
      "max": {
        "default": 8,
        "value": 8
      }
    },
    "modulargolems:golem_jump": {
      "enabled": false,
      "min": {
        "default": 0,
        "value": 0
      },
      "max": {
        "default": 1000,
        "value": 1000
      }
    },
    "piglinproliferation:turning_speed": {
      "enabled": false,
      "min": {
        "default": 0,
        "value": 0
      },
      "max": {
        "default": 10,
        "value": 10
      }
    },
    "irons_spellbooks:holy_magic_resist": {
      "enabled": false,
      "min": {
        "default": -100,
        "value": -100
      },
      "max": {
        "default": 100,
        "value": 100
      }
    },
    "enhancedai:generic.xray_follow_range": {
      "enabled": false,
      "min": {
        "default": 0,
        "value": 0
      },
      "max": {
        "default": 256,
        "value": 256
      }
    },
    "scguns:projectile_speed": {
      "enabled": false,
      "min": {
        "default": 0.01,
        "value": 0.01
      },
      "max": {
        "default": 100,
        "value": 100
      }
    },
    "cataclysm_spellbooks:abyssal_magic_resist": {
      "enabled": false,
      "min": {
        "default": 0,
        "value": 0
      },
      "max": {
        "default": 10,
        "value": 10
      }
    },
    "miniutilities:divine_damage": {
      "enabled": false,
      "min": {
        "default": 0,
        "value": 0
      },
      "max": {
        "default": 2147483647,
        "value": 2147483647
      }
    },
    "minecolonies:mc_mob_damage": {
      "enabled": false,
      "min": {
        "default": 1,
        "value": 1
      },
      "max": {
        "default": 20,
        "value": 20
      }
    },
    "attributeslib:cold_damage": {
      "enabled": false,
      "min": {
        "default": 0,
        "value": 0
      },
      "max": {
        "default": 1000,
        "value": 1000
      }
    },
    "attributeslib:experience_gained": {
      "enabled": false,
      "min": {
        "default": 0,
        "value": 0
      },
      "max": {
        "default": 1000,
        "value": 1000
      }
    },
    "hexcasting:grid_zoom": {
      "enabled": false,
      "min": {
        "default": 0.5,
        "value": 0.5
      },
      "max": {
        "default": 4,
        "value": 4
      }
    },
    "runiclib:generic.lifesteal_chance": {
      "enabled": false,
      "min": {
        "default": 0,
        "value": 0
      },
      "max": {
        "default": 100,
        "value": 100
      }
    },
    "tconstruct:generic.bad_effect_duration_multiplier": {
      "enabled": false,
      "min": {
        "default": 0,
        "value": 0
      },
      "max": {
        "default": 100,
        "value": 100
      }
    },
    "irons_spellbooks:fire_spell_power": {
      "enabled": false,
      "min": {
        "default": -100,
        "value": -100
      },
      "max": {
        "default": 100,
        "value": 100
      }
    },
    "l2damagetracker:damage_absorption": {
      "enabled": false,
      "min": {
        "default": 0,
        "value": 0
      },
      "max": {
        "default": 10000,
        "value": 10000
      }
    },
    "just_parry:enable_projectile_parry": {
      "enabled": false,
      "min": {
        "default": -1,
        "value": -1
      },
      "max": {
        "default": 1,
        "value": 1
      }
    },
    "irons_spellbooks:summon_damage": {
      "enabled": false,
      "min": {
        "default": -100,
        "value": -100
      },
      "max": {
        "default": 100,
        "value": 100
      }
    },
    "ars_nouveau:ars_nouveau.perk.saturation": {
      "enabled": false,
      "min": {
        "default": 0,
        "value": 0
      },
      "max": {
        "default": 10000,
        "value": 10000
      }
    },
    "galosphere:illager_resistance": {
      "enabled": false,
      "min": {
        "default": 0,
        "value": 0
      },
      "max": {
        "default": 10,
        "value": 10
      }
    },
    "irons_spellbooks:eldritch_spell_power": {
      "enabled": false,
      "min": {
        "default": -100,
        "value": -100
      },
      "max": {
        "default": 100,
        "value": 100
      }
    },
    "obscure_api:magic_damage": {
      "enabled": false,
      "min": {
        "default": 0,
        "value": 0
      },
      "max": {
        "default": 100000,
        "value": 100000
      }
    },
    "combatroll:distance": {
      "enabled": false,
      "min": {
        "default": 1,
        "value": 1
      },
      "max": {
        "default": 24,
        "value": 24
      }
    },
    "vampirism:sundamage": {
      "enabled": false,
      "min": {
        "default": 0,
        "value": 0
      },
      "max": {
        "default": 1000,
        "value": 1000
      }
    },
    "tetra:draw_strength": {
      "enabled": false,
      "min": {
        "default": 0,
        "value": 0
      },
      "max": {
        "default": 2048,
        "value": 2048
      }
    },
    "obscure_api:healing_power": {
      "enabled": false,
      "min": {
        "default": 0,
        "value": 0
      },
      "max": {
        "default": 100,
        "value": 100
      }
    },
    "irons_spellbooks:cooldown_reduction": {
      "enabled": false,
      "min": {
        "default": -100,
        "value": -100
      },
      "max": {
        "default": 100,
        "value": 100
      }
    },
    "irons_spellbooks:spell_power": {
      "enabled": false,
      "min": {
        "default": -100,
        "value": -100
      },
      "max": {
        "default": 100,
        "value": 100
      }
    },
    "combatroll:recharge": {
      "enabled": false,
      "min": {
        "default": 0.1,
        "value": 0.1
      },
      "max": {
        "default": 200,
        "value": 200
      }
    },
    "attributeslib:dodge_chance": {
      "enabled": false,
      "min": {
        "default": 0,
        "value": 0
      },
      "max": {
        "default": 1,
        "value": 1
      }
    },
    "vminus:critical_damage": {
      "enabled": false,
      "min": {
        "default": 0,
        "value": 0
      },
      "max": {
        "default": 100,
        "value": 100
      }
    },
    "hexcasting:scry_sight": {
      "enabled": false,
      "min": {
        "default": 0,
        "value": 0
      },
      "max": {
        "default": 1,
        "value": 1
      }
    },
    "attributeslib:fire_damage": {
      "enabled": false,
      "min": {
        "default": 0,
        "value": 0
      },
      "max": {
        "default": 1000,
        "value": 1000
      }
    },
    "irons_spellbooks:ice_spell_power": {
      "enabled": false,
      "min": {
        "default": -100,
        "value": -100
      },
      "max": {
        "default": 100,
        "value": 100
      }
    },
    "runiclib:generic.burning_retaliation_chance": {
      "enabled": false,
      "min": {
        "default": 0,
        "value": 0
      },
      "max": {
        "default": 100,
        "value": 100
      }
    },
    "minecraft:generic.attack_knockback": {
      "enabled": true,
      "min": {
        "default": 0,
        "value": 0
      },
      "max": {
        "default": 5,
        "value": 1000000
      }
    },
    "tinkersjewelry:silk": {
      "enabled": false,
      "min": {
        "default": 0,
        "value": 0
      },
      "max": {
        "default": 10,
        "value": 10
      }
    },
    "forge:swim_speed": {
      "enabled": false,
      "min": {
        "default": 0,
        "value": 0
      },
      "max": {
        "default": 1024,
        "value": 1024
      }
    },
    "tetra:draw_speed": {
      "enabled": false,
      "min": {
        "default": 0,
        "value": 0
      },
      "max": {
        "default": 2048,
        "value": 2048
      }
    },
    "irons_spellbooks:fire_magic_resist": {
      "enabled": false,
      "min": {
        "default": -100,
        "value": -100
      },
      "max": {
        "default": 100,
        "value": 100
      }
    },
    "irons_spellbooks:eldritch_magic_resist": {
      "enabled": false,
      "min": {
        "default": -100,
        "value": -100
      },
      "max": {
        "default": 100,
        "value": 100
      }
    },
    "vminus:mob_detection_range": {
      "enabled": false,
      "min": {
        "default": -100,
        "value": -100
      },
      "max": {
        "default": 0,
        "value": 0
      }
    },
    "eidolon:magic_power": {
      "enabled": false,
      "min": {
        "default": 0,
        "value": 0
      },
      "max": {
        "default": 10,
        "value": 10
      }
    },
    "tinkersjewelry:subspace": {
      "enabled": false,
      "min": {
        "default": 0,
        "value": 0
      },
      "max": {
        "default": 6,
        "value": 6
      }
    },
    "vampirism:neonatal_duration": {
      "enabled": false,
      "min": {
        "default": 0,
        "value": 0
      },
      "max": {
        "default": 2147483647,
        "value": 2147483647
      }
    },
    "tetra:ability_cooldown": {
      "enabled": false,
      "min": {
        "default": 0,
        "value": 0
      },
      "max": {
        "default": 2048,
        "value": 2048
      }
    },
    "l2damagetracker:bow_strength": {
      "enabled": false,
      "min": {
        "default": 0,
        "value": 0
      },
      "max": {
        "default": 1000,
        "value": 1000
      }
    },
    "l2damagetracker:damage_reduction": {
      "enabled": false,
      "min": {
        "default": -10000,
        "value": -10000
      },
      "max": {
        "default": 10000,
        "value": 10000
      }
    },
    "runiclib:generic.dodge_chance": {
      "enabled": false,
      "min": {
        "default": 0,
        "value": 0
      },
      "max": {
        "default": 100,
        "value": 100
      }
    },
    "traveloptics:aqua_spell_power": {
      "enabled": false,
      "min": {
        "default": -100,
        "value": -100
      },
      "max": {
        "default": 100,
        "value": 100
      }
    },
    "irons_spellbooks:ender_spell_power": {
      "enabled": false,
      "min": {
        "default": -100,
        "value": -100
      },
      "max": {
        "default": 100,
        "value": 100
      }
    },
    "attributeslib:crit_damage": {
      "enabled": false,
      "min": {
        "default": 1,
        "value": 1
      },
      "max": {
        "default": 100,
        "value": 100
      }
    },
    "constructs_casting:slime_spell_power": {
      "enabled": false,
      "min": {
        "default": -100,
        "value": -100
      },
      "max": {
        "default": 100,
        "value": 100
      }
    },
    "puffish_attributes:stamina": {
      "enabled": false,
      "min": {
        "default": 0,
        "value": 0
      },
      "max": {
        "default": 1024,
        "value": 1024
      }
    },
    "modulargolems:golem_sweep": {
      "enabled": false,
      "min": {
        "default": 0,
        "value": 0
      },
      "max": {
        "default": 1000,
        "value": 1000
      }
    },
    "tconstruct:generic.bouncy": {
      "enabled": false,
      "min": {
        "default": 0,
        "value": 0
      },
      "max": {
        "default": 1,
        "value": 1
      }
    },
    "tconstruct:generic.good_effect_duration_multiplier": {
      "enabled": false,
      "min": {
        "default": 0,
        "value": 0
      },
      "max": {
        "default": 100,
        "value": 100
      }
    },
    "forge:nametag_distance": {
      "enabled": false,
      "min": {
        "default": 0,
        "value": 0
      },
      "max": {
        "default": 64,
        "value": 64
      }
    },
    "irons_spellbooks:blood_magic_resist": {
      "enabled": false,
      "min": {
        "default": -100,
        "value": -100
      },
      "max": {
        "default": 100,
        "value": 100
      }
    },
    "traveloptics:aqua_magic_resist": {
      "enabled": false,
      "min": {
        "default": -100,
        "value": -100
      },
      "max": {
        "default": 100,
        "value": 100
      }
    },
    "scguns:reload_speed": {
      "enabled": false,
      "min": {
        "default": 0.01,
        "value": 0.01
      },
      "max": {
        "default": 1000,
        "value": 1000
      }
    },
    "l2damagetracker:crit_rate": {
      "enabled": false,
      "min": {
        "default": 0,
        "value": 0
      },
      "max": {
        "default": 1,
        "value": 1
      }
    },
    "obscure_api:parry": {
      "enabled": false,
      "min": {
        "default": 0,
        "value": 0
      },
      "max": {
        "default": 100,
        "value": 100
      }
    },
    "ars_nouveau:ars_nouveau.perk.mana_regen": {
      "enabled": false,
      "min": {
        "default": 0,
        "value": 0
      },
      "max": {
        "default": 2000,
        "value": 2000
      }
    },
    "minecraft:generic.attack_damage": {
      "enabled": true,
      "min": {
        "default": 0,
        "value": 0
      },
      "max": {
        "default": 2048,
        "value": 1000000
      }
    },
    "attributeslib:draw_speed": {
      "enabled": false,
      "min": {
        "default": 0,
        "value": 0
      },
      "max": {
        "default": 4,
        "value": 4
      }
    },
    "just_parry:enable_projectile_boost": {
      "enabled": false,
      "min": {
        "default": -1,
        "value": -1
      },
      "max": {
        "default": 1,
        "value": 1
      }
    },
    "irons_spellbooks:ender_magic_resist": {
      "enabled": false,
      "min": {
        "default": -100,
        "value": -100
      },
      "max": {
        "default": 100,
        "value": 100
      }
    },
    "ars_nouveau:ars_nouveau.perk.feather": {
      "enabled": false,
      "min": {
        "default": 0,
        "value": 0
      },
      "max": {
        "default": 1,
        "value": 1
      }
    },
    "minecraft:generic.armor": {
      "enabled": true,
      "min": {
        "default": 0,
        "value": 0
      },
      "max": {
        "default": 200,
        "value": 1000000
      }
    },
    "runiclib:generic.critical_strike_chance": {
      "enabled": false,
      "min": {
        "default": 0,
        "value": 0
      },
      "max": {
        "default": 100,
        "value": 100
      }
    },
    "irons_spellbooks:blood_spell_power": {
      "enabled": false,
      "min": {
        "default": -100,
        "value": -100
      },
      "max": {
        "default": 100,
        "value": 100
      }
    },
    "obscure_api:critical_hit": {
      "enabled": false,
      "min": {
        "default": 0,
        "value": 0
      },
      "max": {
        "default": 100,
        "value": 100
      }
    },
    "vminus:blunt_protection": {
      "enabled": false,
      "min": {
        "default": -100,
        "value": -100
      },
      "max": {
        "default": 100,
        "value": 100
      }
    },
    "vminus:fall_protection": {
      "enabled": false,
      "min": {
        "default": -100,
        "value": -100
      },
      "max": {
        "default": 100,
        "value": 100
      }
    },
    "tconstruct:generic.knockback_multiplier": {
      "enabled": false,
      "min": {
        "default": 0,
        "value": 0
      },
      "max": {
        "default": 100,
        "value": 100
      }
    },
    "runiclib:generic.critical_strike_multiplier": {
      "enabled": false,
      "min": {
        "default": 0,
        "value": 0
      },
      "max": {
        "default": 100,
        "value": 100
      }
    },
    "attributeslib:current_hp_damage": {
      "enabled": false,
      "min": {
        "default": 0,
        "value": 0
      },
      "max": {
        "default": 1,
        "value": 1
      }
    },
    "miniutilities:armor_piercing_damage": {
      "enabled": false,
      "min": {
        "default": 0,
        "value": 0
      },
      "max": {
        "default": 2147483647,
        "value": 2147483647
      }
    },
    "vminus:mining_speed": {
      "enabled": false,
      "min": {
        "default": -255,
        "value": -255
      },
      "max": {
        "default": 255,
        "value": 255
      }
    },
    "cataclysm_spellbooks:technomancy_spell_power": {
      "enabled": false,
      "min": {
        "default": 0,
        "value": 0
      },
      "max": {
        "default": 10,
        "value": 10
      }
    },
    "minecraft:generic.movement_speed": {
      "enabled": true,
      "min": {
        "default": 0,
        "value": 0
      },
      "max": {
        "default": 1024,
        "value": 1024
      }
    },
    "just_parry:enableparry": {
      "enabled": false,
      "min": {
        "default": -1,
        "value": -1
      },
      "max": {
        "default": 1,
        "value": 1
      }
    },
    "tconstruct:player.mining_speed_multiplier": {
      "enabled": false,
      "min": {
        "default": 0,
        "value": 0
      },
      "max": {
        "default": 100,
        "value": 100
      }
    },
    "tinkersjewelry:trade": {
      "enabled": false,
      "min": {
        "default": 0,
        "value": 0
      },
      "max": {
        "default": 100,
        "value": 100
      }
    },
    "combatroll:count": {
      "enabled": false,
      "min": {
        "default": 0,
        "value": 0
      },
      "max": {
        "default": 20,
        "value": 20
      }
    },
    "tconstruct:generic.protection_cap": {
      "enabled": false,
      "min": {
        "default": 0,
        "value": 0
      },
      "max": {
        "default": 0.949999988079071,
        "value": 0.949999988079071
      }
    },
    "attributeslib:arrow_damage": {
      "enabled": false,
      "min": {
        "default": 0,
        "value": 0
      },
      "max": {
        "default": 10,
        "value": 10
      }
    },
    "tconstruct:player.use_item_speed": {
      "enabled": false,
      "min": {
        "default": 0,
        "value": 0
      },
      "max": {
        "default": 1,
        "value": 1
      }
    },
    "attributeslib:arrow_velocity": {
      "enabled": false,
      "min": {
        "default": 0,
        "value": 0
      },
      "max": {
        "default": 10,
        "value": 10
      }
    },
    "caverns_and_chasms:experience_boost": {
      "enabled": false,
      "min": {
        "default": 0,
        "value": 0
      },
      "max": {
        "default": 30,
        "value": 30
      }
    },
    "attributeslib:life_steal": {
      "enabled": false,
      "min": {
        "default": 0,
        "value": 0
      },
      "max": {
        "default": 10,
        "value": 10
      }
    },
    "just_parry:enable_gravity_parry": {
      "enabled": false,
      "min": {
        "default": -1,
        "value": -1
      },
      "max": {
        "default": 1,
        "value": 1
      }
    }
  }
}