{
  "shaders": [
    null,
    {
      "texShaderLocation": {
        "f_135804_": "darkmodeeverywhere",
        "f_135805_": "dark_position_tex"
      },
      "texColorShaderLocation": {
        "f_135804_": "darkmodeeverywhere",
        "f_135805_": "dark_position_tex_color"
      },
      "displayName": {
        "textanimator$typewriterIndex": 0,
        "translate": "gui.darkmodeeverywhere.perfect_dark"
      },
      "divideFactor": 5.5,
      "darkColorReplacement": 16777215
    },
    {
      "texShaderLocation": {
        "f_135804_": "darkmodeeverywhere",
        "f_135805_": "dark_position_tex"
      },
      "texColorShaderLocation": {
        "f_135804_": "darkmodeeverywhere",
        "f_135805_": "dark_position_tex_color"
      },
      "displayName": {
        "textanimator$typewriterIndex": 0,
        "translate": "gui.darkmodeeverywhere.less_perfect_dark"
      },
      "divideFactor": 3.5,
      "darkColorReplacement": 16777215
    },
    {
      "texShaderLocation": {
        "f_135804_": "darkmodeeverywhere",
        "f_135805_": "dark_position_tex"
      },
      "texColorShaderLocation": {
        "f_135804_": "darkmodeeverywhere",
        "f_135805_": "dark_position_tex_color"
      },
      "displayName": {
        "textanimator$typewriterIndex": 0,
        "translate": "gui.darkmodeeverywhere.toasted_light"
      },
      "divideFactor": 2.0,
      "darkColorReplacement": 16777215
    }
  ],
  "version": 2,
  "selectedShaderIndex": 0
}