{
  "configVersion": 6,
  "renderNametagsThroughWalls": true,
  "blockEntityWhitelist": [
    "create:rope_pulley",
    "botania:flame_ring",
    "minecraft:beacon",
    "create:hose_pulley",
    "betterend:eternal_pedestal",
    "botania:magic_missile",
    "botania:falling_star",
    "create:super_glue",
    "create:gantry_contraption",
    "create:contraption"
  ],
  "entityWhitelist": [
    "botania:mana_burst",
    "create:gantry_contraption",
    "alexscaves:gum_worm",
    "iceandfire:dragon_multipart",
    "mts:builder_rendering",
    "mowziesmobs:falling_block",
	"mowziesmobs:sculptor",
	"mowziesmobs:naga",
  "iceandfire:sea_serpent",
  "iceandfire:fire_dragon",
  "minecraft:phantom",
  "iceandfire:lightning_dragon",
  "iceandfire:ice_dragon",
  "iceandfire:fire_dragon_charge",
  "iceandfire:lightning_dragon_charge",
  "iceandfire:ice_dragon_charge",
    "drg_flares:drg_flares",
    "mts:builder_existing",
    "create:contraption",
    "create:stationary_contraption",
    "minecraft:lightning_bolt",
    "drg_flares:drg_flare",
    "minecraft:boat",
    "mts:builder_seat",
    "minecraft:firework_rocket",
    "create:carriage_contraption",
    "alexscaves:gum_worm_segment",
    "avm_staff:campfire_flame",
    "drg_flares:drg_flares"
  ],
  "tracingDistance": 128,
  "debugMode": false,
  "sleepDelay": 10,
  "hitboxLimit": 150,
  "skipMarkerArmorStands": true,
  "tickCulling": true,
  "tickCullingWhitelist": [
    "create:gantry_contraption",
    "alexscaves:gum_worm",
    "iceandfire:dragon_multipart",
    "minecraft:lightning_bolt",
    "mts:builder_rendering",
    "minecraft:phantom",
    "mowziesmobs:falling_block",
	"mowziesmobs:sculptor",
	"mowziesmobs:naga",
  "iceandfire:sea_serpent",
  "iceandfire:fire_dragon",
  "iceandfire:lightning_dragon",
  "iceandfire:ice_dragon",
  "iceandfire:fire_dragon_charge",
  "iceandfire:lightning_dragon_charge",
  "iceandfire:ice_dragon_charge",
    "drg_flares:drg_flares",
    "mts:builder_existing",
    "create:contraption",
    "create:stationary_contraption",
    "drg_flares:drg_flare",
    "minecraft:boat",
    "mts:builder_seat",
    "minecraft:firework_rocket",
    "create:carriage_contraption",
    "alexscaves:gum_worm_segment",
    "avm_staff:campfire_flame"
  ],
  "disableF3": false,
  "skipEntityCulling": false,
  "skipBlockEntityCulling": false
}