{
  "checkForNewUpdates": false,
  "enableCopperGolem": true,
  "generateCopperGolemAreaStructure": true,
  "copperGolemAreaStructureWeight": 1,
  "generateCopperGolemInAncientCity": true,
  "copperGolemAncientCityCenterWeight": 10,
  "enableCrab": true,
  "enableCrabSpawn": true,
  "crabSpawnWeight": 14,
  "crabSpawnMinGroupSize": 2,
  "crabSpawnMaxGroupSize": 4,
  "reachingStatusEffectModifier": 1,
  "enableGlare": true,
  "enableGlareSpawn": true,
  "enableGlareGriefing": true,
  "glareSpawnWeight": 4,
  "glareSpawnMinGroupSize": 1,
  "glareSpawnMaxGroupSize": 1,
  "enableMauler": true,
  "enableMaulerSpawn": true,
  "maulerDesertSpawnWeight": 8,
  "maulerDesertSpawnMinGroupSize": 1,
  "maulerDesertSpawnMaxGroupSize": 1,
  "maulerBadlandsSpawnWeight": 16,
  "maulerBadlandsSpawnMinGroupSize": 1,
  "maulerBadlandsSpawnMaxGroupSize": 1,
  "maulerSavannaSpawnWeight": 32,
  "maulerSavannaSpawnMinGroupSize": 1,
  "maulerSavannaSpawnMaxGroupSize": 1,
  "enableMoobloom": true,
  "enableMoobloomSpawn": true,
  "moobloomSpawnWeight": 4,
  "moobloomSpawnMinGroupSize": 2,
  "moobloomSpawnMaxGroupSize": 4,
  "enableIceologer": true,
  "enableIceologerSpawn": true,
  "enableIceologerInRaids": true,
  "generateIceologerCabinStructure": true,
  "enableIllusioner": true,
  "enableIllusionerSpawn": true,
  "enableIllusionerInRaids": true,
  "generateIllusionerShackStructure": true,
  "generateIllusionerTrainingGroundsStructure": true,
  "maxIllusionsCount": 9,
  "illusionLifetimeTicks": 600,
  "invisibilityTicks": 60,
  "enableZombieHorseTrap": true,
  "enableRascal": true,
  "enableRascalSpawn": true,
  "enableTuffGolem": true,
  "generateTuffGolemInStronghold": true,
  "enableWildfire": true,
  "generateCitadelStructure": true,
  "enableBeekeeperVillagerProfession": true,
  "generateBeekeeperAreaStructure": true,
  "beekeeperAreaStructureWeight": 2
}
